{
  "accuracy": 0.9346246973365617,
  "precision_class_1": 0.8888888888888888,
  "recall_class_1": 0.7547169811320755,
  "f1_class_1": 0.8163265306122449,
  "roc_auc": 0.9581624282198523
}